contest,choice,precinct_id,vote_total,polling_place_votes,early_votes,provisional_votes,party_name,contest_name,choice_name,precinct_designation,precinct_name,subjurisdiction,votes_allowed,referendum_flag
000,00,000,000013,00000,00000,00000,,Registered Voters,REGISTERED VOTERS - TOTAL,Eagle - CG1,0, 
000,00,000,000029,00000,00000,00000,,Registered Voters,REGISTERED VOTERS - TOTAL,Blue - CG1,0, 
000,00,000,000673,00000,00000,00000,,Registered Voters,REGISTERED VOTERS - TOTAL,Clifton 1 - CG1,0, 
000,00,000,000428,00000,00000,00000,,Registered Voters,REGISTERED VOTERS - TOTAL,Clifton 2 - CG1,0, 
000,00,000,000660,00000,00000,00000,,Registered Voters,REGISTERED VOTERS - TOTAL,Morenci - CG1,0, 
000,00,000,000190,00000,00000,00000,,Registered Voters,REGISTERED VOTERS - TOTAL,East Plantsite - CG1,0, 
000,00,000,000491,00000,00000,00000,,Registered Voters,REGISTERED VOTERS - TOTAL,York/Sheldon - CG1,0, 
000,00,000,000632,00000,00000,00000,,Registered Voters,REGISTERED VOTERS - TOTAL,Duncan - CG1,0, 
000,00,000,000010,00000,00000,00000,REP,REGISTERED VOTERS - Republican Party,REGISTERED VOTERS - Republican Party,Eagle - CG1,0, 
000,00,000,000016,00000,00000,00000,REP,REGISTERED VOTERS - Republican Party,REGISTERED VOTERS - Republican Party,Blue - CG1,0, 
000,00,000,000136,00000,00000,00000,REP,REGISTERED VOTERS - Republican Party,REGISTERED VOTERS - Republican Party,Clifton 1 - CG1,0, 
000,00,000,000112,00000,00000,00000,REP,REGISTERED VOTERS - Republican Party,REGISTERED VOTERS - Republican Party,Clifton 2 - CG1,0, 
000,00,000,000288,00000,00000,00000,REP,REGISTERED VOTERS - Republican Party,REGISTERED VOTERS - Republican Party,Morenci - CG1,0, 
000,00,000,000095,00000,00000,00000,REP,REGISTERED VOTERS - Republican Party,REGISTERED VOTERS - Republican Party,East Plantsite - CG1,0, 
000,00,000,000182,00000,00000,00000,REP,REGISTERED VOTERS - Republican Party,REGISTERED VOTERS - Republican Party,York/Sheldon - CG1,0, 
000,00,000,000280,00000,00000,00000,REP,REGISTERED VOTERS - Republican Party,REGISTERED VOTERS - Republican Party,Duncan - CG1,0, 
000,00,000,000003,00000,00000,00000,DEM,REGISTERED VOTERS - Democratic Party,REGISTERED VOTERS - Democratic Party,Eagle - CG1,0, 
000,00,000,000013,00000,00000,00000,DEM,REGISTERED VOTERS - Democratic Party,REGISTERED VOTERS - Democratic Party,Blue - CG1,0, 
000,00,000,000537,00000,00000,00000,DEM,REGISTERED VOTERS - Democratic Party,REGISTERED VOTERS - Democratic Party,Clifton 1 - CG1,0, 
000,00,000,000316,00000,00000,00000,DEM,REGISTERED VOTERS - Democratic Party,REGISTERED VOTERS - Democratic Party,Clifton 2 - CG1,0, 
000,00,000,000372,00000,00000,00000,DEM,REGISTERED VOTERS - Democratic Party,REGISTERED VOTERS - Democratic Party,Morenci - CG1,0, 
000,00,000,000095,00000,00000,00000,DEM,REGISTERED VOTERS - Democratic Party,REGISTERED VOTERS - Democratic Party,East Plantsite - CG1,0, 
000,00,000,000309,00000,00000,00000,DEM,REGISTERED VOTERS - Democratic Party,REGISTERED VOTERS - Democratic Party,York/Sheldon - CG1,0, 
000,00,000,000362,00000,00000,00000,DEM,REGISTERED VOTERS - Democratic Party,REGISTERED VOTERS - Democratic Party,Duncan - CG1,0, 
000,00,000,000000,00000,00000,00000,GRN,REGISTERED VOTERS - Green Party,REGISTERED VOTERS - Green Party,Eagle - CG1,0, 
000,00,000,000000,00000,00000,00000,GRN,REGISTERED VOTERS - Green Party,REGISTERED VOTERS - Green Party,Blue - CG1,0, 
000,00,000,000000,00000,00000,00000,GRN,REGISTERED VOTERS - Green Party,REGISTERED VOTERS - Green Party,Clifton 1 - CG1,0, 
000,00,000,000000,00000,00000,00000,GRN,REGISTERED VOTERS - Green Party,REGISTERED VOTERS - Green Party,Clifton 2 - CG1,0, 
000,00,000,000000,00000,00000,00000,GRN,REGISTERED VOTERS - Green Party,REGISTERED VOTERS - Green Party,Morenci - CG1,0, 
000,00,000,000000,00000,00000,00000,GRN,REGISTERED VOTERS - Green Party,REGISTERED VOTERS - Green Party,East Plantsite - CG1,0, 
000,00,000,000000,00000,00000,00000,GRN,REGISTERED VOTERS - Green Party,REGISTERED VOTERS - Green Party,York/Sheldon - CG1,0, 
000,00,000,000000,00000,00000,00000,GRN,REGISTERED VOTERS - Green Party,REGISTERED VOTERS - Green Party,Duncan - CG1,0, 
000,00,000,000035,00000,00007,00002,,Ballots Cast,BALLOTS CAST - TOTAL,Eagle - CG1,0, 
000,00,000,000023,00000,00012,00005,,Ballots Cast,BALLOTS CAST - TOTAL,Blue - CG1,0, 
000,00,000,000332,00057,00228,00044,,Ballots Cast,BALLOTS CAST - TOTAL,Clifton 1 - CG1,0, 
000,00,000,000240,00045,00163,00032,,Ballots Cast,BALLOTS CAST - TOTAL,Clifton 2 - CG1,0, 
000,00,000,000256,00081,00141,00033,,Ballots Cast,BALLOTS CAST - TOTAL,Morenci - CG1,0, 
000,00,000,000061,00022,00031,00008,,Ballots Cast,BALLOTS CAST - TOTAL,East Plantsite - CG1,0, 
000,00,000,000267,00053,00158,00053,,Ballots Cast,BALLOTS CAST - TOTAL,York/Sheldon - CG1,0, 
000,00,000,000343,00076,00217,00044,,Ballots Cast,BALLOTS CAST - TOTAL,Duncan - CG1,0, 
000,00,000,000019,00000,00004,00002,REP,BALLOTS CAST - Republican Party,BALLOTS CAST - Republican Party,Eagle - CG1,0, 
000,00,000,000011,00000,00010,00001,REP,BALLOTS CAST - Republican Party,BALLOTS CAST - Republican Party,Blue - CG1,0, 
000,00,000,000061,00019,00020,00019,REP,BALLOTS CAST - Republican Party,BALLOTS CAST - Republican Party,Clifton 1 - CG1,0, 
000,00,000,000065,00021,00035,00009,REP,BALLOTS CAST - Republican Party,BALLOTS CAST - Republican Party,Clifton 2 - CG1,0, 
000,00,000,000138,00050,00073,00015,REP,BALLOTS CAST - Republican Party,BALLOTS CAST - Republican Party,Morenci - CG1,0, 
000,00,000,000037,00011,00020,00006,REP,BALLOTS CAST - Republican Party,BALLOTS CAST - Republican Party,East Plantsite - CG1,0, 
000,00,000,000117,00035,00065,00015,REP,BALLOTS CAST - Republican Party,BALLOTS CAST - Republican Party,York/Sheldon - CG1,0, 
000,00,000,000182,00055,00091,00032,REP,BALLOTS CAST - Republican Party,BALLOTS CAST - Republican Party,Duncan - CG1,0, 
000,00,000,000016,00000,00003,00000,DEM,BALLOTS CAST - Democratic Party,BALLOTS CAST - Democratic Party,Eagle - CG1,0, 
000,00,000,000012,00000,00002,00004,DEM,BALLOTS CAST - Democratic Party,BALLOTS CAST - Democratic Party,Blue - CG1,0, 
000,00,000,000271,00038,00208,00025,DEM,BALLOTS CAST - Democratic Party,BALLOTS CAST - Democratic Party,Clifton 1 - CG1,0, 
000,00,000,000175,00024,00128,00023,DEM,BALLOTS CAST - Democratic Party,BALLOTS CAST - Democratic Party,Clifton 2 - CG1,0, 
000,00,000,000118,00031,00068,00018,DEM,BALLOTS CAST - Democratic Party,BALLOTS CAST - Democratic Party,Morenci - CG1,0, 
000,00,000,000024,00011,00011,00002,DEM,BALLOTS CAST - Democratic Party,BALLOTS CAST - Democratic Party,East Plantsite - CG1,0, 
000,00,000,000150,00018,00093,00038,DEM,BALLOTS CAST - Democratic Party,BALLOTS CAST - Democratic Party,York/Sheldon - CG1,0, 
000,00,000,000161,00021,00126,00012,DEM,BALLOTS CAST - Democratic Party,BALLOTS CAST - Democratic Party,Duncan - CG1,0, 
000,00,000,000000,00000,00000,00000,GRN,BALLOTS CAST - Green Party,BALLOTS CAST - Green Party,Eagle - CG1,0, 
000,00,000,000000,00000,00000,00000,GRN,BALLOTS CAST - Green Party,BALLOTS CAST - Green Party,Blue - CG1,0, 
000,00,000,000000,00000,00000,00000,GRN,BALLOTS CAST - Green Party,BALLOTS CAST - Green Party,Clifton 1 - CG1,0, 
000,00,000,000000,00000,00000,00000,GRN,BALLOTS CAST - Green Party,BALLOTS CAST - Green Party,Clifton 2 - CG1,0, 
000,00,000,000000,00000,00000,00000,GRN,BALLOTS CAST - Green Party,BALLOTS CAST - Green Party,Morenci - CG1,0, 
000,00,000,000000,00000,00000,00000,GRN,BALLOTS CAST - Green Party,BALLOTS CAST - Green Party,East Plantsite - CG1,0, 
000,00,000,000000,00000,00000,00000,GRN,BALLOTS CAST - Green Party,BALLOTS CAST - Green Party,York/Sheldon - CG1,0, 
000,00,000,000000,00000,00000,00000,GRN,BALLOTS CAST - Green Party,BALLOTS CAST - Green Party,Duncan - CG1,0, 
000,00,000,000000,00000,00000,00000,,BALLOTS CAST - NONPARTISAN,BALLOTS CAST - NONPARTISAN,Eagle - CG1,0, 
000,00,000,000000,00000,00000,00000,,BALLOTS CAST - NONPARTISAN,BALLOTS CAST - NONPARTISAN,Blue - CG1,0, 
000,00,000,000000,00000,00000,00000,,BALLOTS CAST - NONPARTISAN,BALLOTS CAST - NONPARTISAN,Clifton 1 - CG1,0, 
000,00,000,000000,00000,00000,00000,,BALLOTS CAST - NONPARTISAN,BALLOTS CAST - NONPARTISAN,Clifton 2 - CG1,0, 
000,00,000,000000,00000,00000,00000,,BALLOTS CAST - NONPARTISAN,BALLOTS CAST - NONPARTISAN,Morenci - CG1,0, 
000,00,000,000000,00000,00000,00000,,BALLOTS CAST - NONPARTISAN,BALLOTS CAST - NONPARTISAN,East Plantsite - CG1,0, 
000,00,000,000000,00000,00000,00000,,BALLOTS CAST - NONPARTISAN,BALLOTS CAST - NONPARTISAN,York/Sheldon - CG1,0, 
000,00,000,000000,00000,00000,00000,,BALLOTS CAST - NONPARTISAN,BALLOTS CAST - NONPARTISAN,Duncan - CG1,0, 
001,00,000,000001,00000,00000,00000,,Blank Ballots Cast,BALLOTS CAST - BLANK,Eagle - CG1,0, 
001,00,000,000001,00000,00000,00001,,Blank Ballots Cast,BALLOTS CAST - BLANK,Blue - CG1,0, 
001,00,000,000003,00000,00002,00001,,Blank Ballots Cast,BALLOTS CAST - BLANK,Clifton 1 - CG1,0, 
001,00,000,000003,00000,00003,00000,,Blank Ballots Cast,BALLOTS CAST - BLANK,Clifton 2 - CG1,0, 
001,00,000,000001,00000,00001,00000,,Blank Ballots Cast,BALLOTS CAST - BLANK,Morenci - CG1,0, 
001,00,000,000000,00000,00000,00000,,Blank Ballots Cast,BALLOTS CAST - BLANK,East Plantsite - CG1,0, 
001,00,000,000002,00000,00000,00002,,Blank Ballots Cast,BALLOTS CAST - BLANK,York/Sheldon - CG1,0, 
001,00,000,000006,00000,00005,00000,,Blank Ballots Cast,BALLOTS CAST - BLANK,Duncan - CG1,0, 
010,00,000,000000,00000,00000,00000,REP,PRESIDENT OF THE UNITED STATES,"Santorum, Rick",Eagle - CG1,0, 
010,00,000,000000,00000,00000,00000,REP,PRESIDENT OF THE UNITED STATES,"Santorum, Rick",Blue - CG1,0, 
010,00,000,000000,00000,00000,00000,REP,PRESIDENT OF THE UNITED STATES,"Santorum, Rick",Clifton 1 - CG1,0, 
010,00,000,000000,00000,00000,00000,REP,PRESIDENT OF THE UNITED STATES,"Santorum, Rick",Clifton 2 - CG1,0, 
010,00,000,000001,00000,00001,00000,REP,PRESIDENT OF THE UNITED STATES,"Santorum, Rick",Morenci - CG1,0, 
010,00,000,000000,00000,00000,00000,REP,PRESIDENT OF THE UNITED STATES,"Santorum, Rick",East Plantsite - CG1,0, 
010,00,000,000000,00000,00000,00000,REP,PRESIDENT OF THE UNITED STATES,"Santorum, Rick",York/Sheldon - CG1,0, 
010,00,000,000000,00000,00000,00000,REP,PRESIDENT OF THE UNITED STATES,"Santorum, Rick",Duncan - CG1,0, 
010,00,000,000000,00000,00000,00000,REP,PRESIDENT OF THE UNITED STATES,"Cook, Tim",Eagle - CG1,0, 
010,00,000,000000,00000,00000,00000,REP,PRESIDENT OF THE UNITED STATES,"Cook, Tim",Blue - CG1,0, 
010,00,000,000000,00000,00000,00000,REP,PRESIDENT OF THE UNITED STATES,"Cook, Tim",Clifton 1 - CG1,0, 
010,00,000,000000,00000,00000,00000,REP,PRESIDENT OF THE UNITED STATES,"Cook, Tim",Clifton 2 - CG1,0, 
010,00,000,000000,00000,00000,00000,REP,PRESIDENT OF THE UNITED STATES,"Cook, Tim",Morenci - CG1,0, 
010,00,000,000000,00000,00000,00000,REP,PRESIDENT OF THE UNITED STATES,"Cook, Tim",East Plantsite - CG1,0, 
010,00,000,000000,00000,00000,00000,REP,PRESIDENT OF THE UNITED STATES,"Cook, Tim",York/Sheldon - CG1,0, 
010,00,000,000001,00000,00001,00000,REP,PRESIDENT OF THE UNITED STATES,"Cook, Tim",Duncan - CG1,0, 
010,00,000,000000,00000,00000,00000,REP,PRESIDENT OF THE UNITED STATES,"Paul, Rand",Eagle - CG1,0, 
010,00,000,000000,00000,00000,00000,REP,PRESIDENT OF THE UNITED STATES,"Paul, Rand",Blue - CG1,0, 
010,00,000,000001,00000,00001,00000,REP,PRESIDENT OF THE UNITED STATES,"Paul, Rand",Clifton 1 - CG1,0, 
010,00,000,000001,00001,00000,00000,REP,PRESIDENT OF THE UNITED STATES,"Paul, Rand",Clifton 2 - CG1,0, 
010,00,000,000000,00000,00000,00000,REP,PRESIDENT OF THE UNITED STATES,"Paul, Rand",Morenci - CG1,0, 
010,00,000,000000,00000,00000,00000,REP,PRESIDENT OF THE UNITED STATES,"Paul, Rand",East Plantsite - CG1,0, 
010,00,000,000000,00000,00000,00000,REP,PRESIDENT OF THE UNITED STATES,"Paul, Rand",York/Sheldon - CG1,0, 
010,00,000,000000,00000,00000,00000,REP,PRESIDENT OF THE UNITED STATES,"Paul, Rand",Duncan - CG1,0, 
010,00,000,000000,00000,00000,00000,REP,PRESIDENT OF THE UNITED STATES,"Rubio, Marco",Eagle - CG1,0, 
010,00,000,000000,00000,00000,00000,REP,PRESIDENT OF THE UNITED STATES,"Rubio, Marco",Blue - CG1,0, 
010,00,000,000005,00000,00005,00000,REP,PRESIDENT OF THE UNITED STATES,"Rubio, Marco",Clifton 1 - CG1,0, 
010,00,000,000006,00001,00005,00000,REP,PRESIDENT OF THE UNITED STATES,"Rubio, Marco",Clifton 2 - CG1,0, 
010,00,000,000012,00000,00012,00000,REP,PRESIDENT OF THE UNITED STATES,"Rubio, Marco",Morenci - CG1,0, 
010,00,000,000002,00000,00002,00000,REP,PRESIDENT OF THE UNITED STATES,"Rubio, Marco",East Plantsite - CG1,0, 
010,00,000,000007,00002,00005,00000,REP,PRESIDENT OF THE UNITED STATES,"Rubio, Marco",York/Sheldon - CG1,0, 
010,00,000,000015,00000,00015,00000,REP,PRESIDENT OF THE UNITED STATES,"Rubio, Marco",Duncan - CG1,0, 
010,00,000,000000,00000,00000,00000,REP,PRESIDENT OF THE UNITED STATES,"Graham, Lindsey",Eagle - CG1,0, 
010,00,000,000000,00000,00000,00000,REP,PRESIDENT OF THE UNITED STATES,"Graham, Lindsey",Blue - CG1,0, 
010,00,000,000000,00000,00000,00000,REP,PRESIDENT OF THE UNITED STATES,"Graham, Lindsey",Clifton 1 - CG1,0, 
010,00,000,000000,00000,00000,00000,REP,PRESIDENT OF THE UNITED STATES,"Graham, Lindsey",Clifton 2 - CG1,0, 
010,00,000,000000,00000,00000,00000,REP,PRESIDENT OF THE UNITED STATES,"Graham, Lindsey",Morenci - CG1,0, 
010,00,000,000000,00000,00000,00000,REP,PRESIDENT OF THE UNITED STATES,"Graham, Lindsey",East Plantsite - CG1,0, 
010,00,000,000000,00000,00000,00000,REP,PRESIDENT OF THE UNITED STATES,"Graham, Lindsey",York/Sheldon - CG1,0, 
010,00,000,000000,00000,00000,00000,REP,PRESIDENT OF THE UNITED STATES,"Graham, Lindsey",Duncan - CG1,0, 
010,00,000,000000,00000,00000,00000,REP,PRESIDENT OF THE UNITED STATES,"Kasich, John R.",Eagle - CG1,0, 
010,00,000,000000,00000,00000,00000,REP,PRESIDENT OF THE UNITED STATES,"Kasich, John R.",Blue - CG1,0, 
010,00,000,000001,00000,00001,00000,REP,PRESIDENT OF THE UNITED STATES,"Kasich, John R.",Clifton 1 - CG1,0, 
010,00,000,000003,00002,00001,00000,REP,PRESIDENT OF THE UNITED STATES,"Kasich, John R.",Clifton 2 - CG1,0, 
010,00,000,000007,00003,00003,00001,REP,PRESIDENT OF THE UNITED STATES,"Kasich, John R.",Morenci - CG1,0, 
010,00,000,000004,00001,00001,00002,REP,PRESIDENT OF THE UNITED STATES,"Kasich, John R.",East Plantsite - CG1,0, 
010,00,000,000004,00003,00001,00000,REP,PRESIDENT OF THE UNITED STATES,"Kasich, John R.",York/Sheldon - CG1,0, 
010,00,000,000005,00001,00002,00002,REP,PRESIDENT OF THE UNITED STATES,"Kasich, John R.",Duncan - CG1,0, 
010,00,000,000000,00000,00000,00000,REP,PRESIDENT OF THE UNITED STATES,"Bush, Jeb",Eagle - CG1,0, 
010,00,000,000000,00000,00000,00000,REP,PRESIDENT OF THE UNITED STATES,"Bush, Jeb",Blue - CG1,0, 
010,00,000,000002,00000,00002,00000,REP,PRESIDENT OF THE UNITED STATES,"Bush, Jeb",Clifton 1 - CG1,0, 
010,00,000,000000,00000,00000,00000,REP,PRESIDENT OF THE UNITED STATES,"Bush, Jeb",Clifton 2 - CG1,0, 
010,00,000,000001,00000,00001,00000,REP,PRESIDENT OF THE UNITED STATES,"Bush, Jeb",Morenci - CG1,0, 
010,00,000,000000,00000,00000,00000,REP,PRESIDENT OF THE UNITED STATES,"Bush, Jeb",East Plantsite - CG1,0, 
010,00,000,000000,00000,00000,00000,REP,PRESIDENT OF THE UNITED STATES,"Bush, Jeb",York/Sheldon - CG1,0, 
010,00,000,000003,00000,00002,00001,REP,PRESIDENT OF THE UNITED STATES,"Bush, Jeb",Duncan - CG1,0, 
010,00,000,000008,00000,00002,00002,REP,PRESIDENT OF THE UNITED STATES,"Trump, Donald J.",Eagle - CG1,0, 
010,00,000,000007,00000,00007,00000,REP,PRESIDENT OF THE UNITED STATES,"Trump, Donald J.",Blue - CG1,0, 
010,00,000,000024,00009,00006,00007,REP,PRESIDENT OF THE UNITED STATES,"Trump, Donald J.",Clifton 1 - CG1,0, 
010,00,000,000033,00012,00018,00003,REP,PRESIDENT OF THE UNITED STATES,"Trump, Donald J.",Clifton 2 - CG1,0, 
010,00,000,000061,00023,00029,00009,REP,PRESIDENT OF THE UNITED STATES,"Trump, Donald J.",Morenci - CG1,0, 
010,00,000,000017,00004,00012,00001,REP,PRESIDENT OF THE UNITED STATES,"Trump, Donald J.",East Plantsite - CG1,0, 
010,00,000,000057,00020,00024,00011,REP,PRESIDENT OF THE UNITED STATES,"Trump, Donald J.",York/Sheldon - CG1,0, 
010,00,000,000075,00021,00037,00016,REP,PRESIDENT OF THE UNITED STATES,"Trump, Donald J.",Duncan - CG1,0, 
010,00,000,000000,00000,00000,00000,REP,PRESIDENT OF THE UNITED STATES,"Fiorina, Carly",Eagle - CG1,0, 
010,00,000,000000,00000,00000,00000,REP,PRESIDENT OF THE UNITED STATES,"Fiorina, Carly",Blue - CG1,0, 
010,00,000,000000,00000,00000,00000,REP,PRESIDENT OF THE UNITED STATES,"Fiorina, Carly",Clifton 1 - CG1,0, 
010,00,000,000000,00000,00000,00000,REP,PRESIDENT OF THE UNITED STATES,"Fiorina, Carly",Clifton 2 - CG1,0, 
010,00,000,000001,00000,00001,00000,REP,PRESIDENT OF THE UNITED STATES,"Fiorina, Carly",Morenci - CG1,0, 
010,00,000,000000,00000,00000,00000,REP,PRESIDENT OF THE UNITED STATES,"Fiorina, Carly",East Plantsite - CG1,0, 
010,00,000,000000,00000,00000,00000,REP,PRESIDENT OF THE UNITED STATES,"Fiorina, Carly",York/Sheldon - CG1,0, 
010,00,000,000000,00000,00000,00000,REP,PRESIDENT OF THE UNITED STATES,"Fiorina, Carly",Duncan - CG1,0, 
010,01,000,000000,00000,00000,00000,REP,PRESIDENT OF THE UNITED STATES,"Pataki, George E.",Eagle - CG1,0, 
010,01,000,000000,00000,00000,00000,REP,PRESIDENT OF THE UNITED STATES,"Pataki, George E.",Blue - CG1,0, 
010,01,000,000000,00000,00000,00000,REP,PRESIDENT OF THE UNITED STATES,"Pataki, George E.",Clifton 1 - CG1,0, 
010,01,000,000000,00000,00000,00000,REP,PRESIDENT OF THE UNITED STATES,"Pataki, George E.",Clifton 2 - CG1,0, 
010,01,000,000000,00000,00000,00000,REP,PRESIDENT OF THE UNITED STATES,"Pataki, George E.",Morenci - CG1,0, 
010,01,000,000000,00000,00000,00000,REP,PRESIDENT OF THE UNITED STATES,"Pataki, George E.",East Plantsite - CG1,0, 
010,01,000,000000,00000,00000,00000,REP,PRESIDENT OF THE UNITED STATES,"Pataki, George E.",York/Sheldon - CG1,0, 
010,01,000,000000,00000,00000,00000,REP,PRESIDENT OF THE UNITED STATES,"Pataki, George E.",Duncan - CG1,0, 
010,01,000,000011,00000,00002,00000,REP,PRESIDENT OF THE UNITED STATES,"Cruz, Ted",Eagle - CG1,0, 
010,01,000,000004,00000,00003,00001,REP,PRESIDENT OF THE UNITED STATES,"Cruz, Ted",Blue - CG1,0, 
010,01,000,000027,00010,00004,00012,REP,PRESIDENT OF THE UNITED STATES,"Cruz, Ted",Clifton 1 - CG1,0, 
010,01,000,000019,00005,00008,00006,REP,PRESIDENT OF THE UNITED STATES,"Cruz, Ted",Clifton 2 - CG1,0, 
010,01,000,000051,00022,00024,00005,REP,PRESIDENT OF THE UNITED STATES,"Cruz, Ted",Morenci - CG1,0, 
010,01,000,000014,00006,00005,00003,REP,PRESIDENT OF THE UNITED STATES,"Cruz, Ted",East Plantsite - CG1,0, 
010,01,000,000038,00010,00024,00004,REP,PRESIDENT OF THE UNITED STATES,"Cruz, Ted",York/Sheldon - CG1,0, 
010,01,000,000073,00031,00028,00012,REP,PRESIDENT OF THE UNITED STATES,"Cruz, Ted",Duncan - CG1,0, 
010,01,000,000000,00000,00000,00000,REP,PRESIDENT OF THE UNITED STATES,"Huckabee, Mike",Eagle - CG1,0, 
010,01,000,000000,00000,00000,00000,REP,PRESIDENT OF THE UNITED STATES,"Huckabee, Mike",Blue - CG1,0, 
010,01,000,000000,00000,00000,00000,REP,PRESIDENT OF THE UNITED STATES,"Huckabee, Mike",Clifton 1 - CG1,0, 
010,01,000,000000,00000,00000,00000,REP,PRESIDENT OF THE UNITED STATES,"Huckabee, Mike",Clifton 2 - CG1,0, 
010,01,000,000001,00001,00000,00000,REP,PRESIDENT OF THE UNITED STATES,"Huckabee, Mike",Morenci - CG1,0, 
010,01,000,000000,00000,00000,00000,REP,PRESIDENT OF THE UNITED STATES,"Huckabee, Mike",East Plantsite - CG1,0, 
010,01,000,000000,00000,00000,00000,REP,PRESIDENT OF THE UNITED STATES,"Huckabee, Mike",York/Sheldon - CG1,0, 
010,01,000,000000,00000,00000,00000,REP,PRESIDENT OF THE UNITED STATES,"Huckabee, Mike",Duncan - CG1,0, 
010,01,000,000000,00000,00000,00000,REP,PRESIDENT OF THE UNITED STATES,"Christie, Chris",Eagle - CG1,0, 
010,01,000,000000,00000,00000,00000,REP,PRESIDENT OF THE UNITED STATES,"Christie, Chris",Blue - CG1,0, 
010,01,000,000000,00000,00000,00000,REP,PRESIDENT OF THE UNITED STATES,"Christie, Chris",Clifton 1 - CG1,0, 
010,01,000,000000,00000,00000,00000,REP,PRESIDENT OF THE UNITED STATES,"Christie, Chris",Clifton 2 - CG1,0, 
010,01,000,000000,00000,00000,00000,REP,PRESIDENT OF THE UNITED STATES,"Christie, Chris",Morenci - CG1,0, 
010,01,000,000000,00000,00000,00000,REP,PRESIDENT OF THE UNITED STATES,"Christie, Chris",East Plantsite - CG1,0, 
010,01,000,000000,00000,00000,00000,REP,PRESIDENT OF THE UNITED STATES,"Christie, Chris",York/Sheldon - CG1,0, 
010,01,000,000000,00000,00000,00000,REP,PRESIDENT OF THE UNITED STATES,"Christie, Chris",Duncan - CG1,0, 
010,01,000,000000,00000,00000,00000,REP,PRESIDENT OF THE UNITED STATES,"Carson, Ben",Eagle - CG1,0, 
010,01,000,000000,00000,00000,00000,REP,PRESIDENT OF THE UNITED STATES,"Carson, Ben",Blue - CG1,0, 
010,01,000,000001,00000,00001,00000,REP,PRESIDENT OF THE UNITED STATES,"Carson, Ben",Clifton 1 - CG1,0, 
010,01,000,000003,00000,00003,00000,REP,PRESIDENT OF THE UNITED STATES,"Carson, Ben",Clifton 2 - CG1,0, 
010,01,000,000003,00001,00002,00000,REP,PRESIDENT OF THE UNITED STATES,"Carson, Ben",Morenci - CG1,0, 
010,01,000,000000,00000,00000,00000,REP,PRESIDENT OF THE UNITED STATES,"Carson, Ben",East Plantsite - CG1,0, 
010,01,000,000011,00000,00011,00000,REP,PRESIDENT OF THE UNITED STATES,"Carson, Ben",York/Sheldon - CG1,0, 
010,01,000,000009,00002,00006,00001,REP,PRESIDENT OF THE UNITED STATES,"Carson, Ben",Duncan - CG1,0, 
010,01,000,000000,00000,00000,00000,REP,PRESIDENT OF THE UNITED STATES,OVER VOTES,Eagle - CG1,0, 
010,01,000,000000,00000,00000,00000,REP,PRESIDENT OF THE UNITED STATES,OVER VOTES,Blue - CG1,0, 
010,01,000,000000,00000,00000,00000,REP,PRESIDENT OF THE UNITED STATES,OVER VOTES,Clifton 1 - CG1,0, 
010,01,000,000000,00000,00000,00000,REP,PRESIDENT OF THE UNITED STATES,OVER VOTES,Clifton 2 - CG1,0, 
010,01,000,000000,00000,00000,00000,REP,PRESIDENT OF THE UNITED STATES,OVER VOTES,Morenci - CG1,0, 
010,01,000,000000,00000,00000,00000,REP,PRESIDENT OF THE UNITED STATES,OVER VOTES,East Plantsite - CG1,0, 
010,01,000,000000,00000,00000,00000,REP,PRESIDENT OF THE UNITED STATES,OVER VOTES,York/Sheldon - CG1,0, 
010,01,000,000000,00000,00000,00000,REP,PRESIDENT OF THE UNITED STATES,OVER VOTES,Duncan - CG1,0, 
010,01,000,000000,00000,00000,00000,REP,PRESIDENT OF THE UNITED STATES,UNDER VOTES,Eagle - CG1,0, 
010,01,000,000000,00000,00000,00000,REP,PRESIDENT OF THE UNITED STATES,UNDER VOTES,Blue - CG1,0, 
010,01,000,000000,00000,00000,00000,REP,PRESIDENT OF THE UNITED STATES,UNDER VOTES,Clifton 1 - CG1,0, 
010,01,000,000000,00000,00000,00000,REP,PRESIDENT OF THE UNITED STATES,UNDER VOTES,Clifton 2 - CG1,0, 
010,01,000,000000,00000,00000,00000,REP,PRESIDENT OF THE UNITED STATES,UNDER VOTES,Morenci - CG1,0, 
010,01,000,000000,00000,00000,00000,REP,PRESIDENT OF THE UNITED STATES,UNDER VOTES,East Plantsite - CG1,0, 
010,01,000,000000,00000,00000,00000,REP,PRESIDENT OF THE UNITED STATES,UNDER VOTES,York/Sheldon - CG1,0, 
010,01,000,000001,00000,00000,00000,REP,PRESIDENT OF THE UNITED STATES,UNDER VOTES,Duncan - CG1,0, 
010,00,000,000000,00000,00000,00000,DEM,PRESIDENT OF THE UNITED STATES,"De La Fuente, Roque ""Rocky""",Eagle - CG1,0, 
010,00,000,000000,00000,00000,00000,DEM,PRESIDENT OF THE UNITED STATES,"De La Fuente, Roque ""Rocky""",Blue - CG1,0, 
010,00,000,000016,00002,00012,00002,DEM,PRESIDENT OF THE UNITED STATES,"De La Fuente, Roque ""Rocky""",Clifton 1 - CG1,0, 
010,00,000,000009,00000,00007,00002,DEM,PRESIDENT OF THE UNITED STATES,"De La Fuente, Roque ""Rocky""",Clifton 2 - CG1,0, 
010,00,000,000004,00000,00002,00002,DEM,PRESIDENT OF THE UNITED STATES,"De La Fuente, Roque ""Rocky""",Morenci - CG1,0, 
010,00,000,000000,00000,00000,00000,DEM,PRESIDENT OF THE UNITED STATES,"De La Fuente, Roque ""Rocky""",East Plantsite - CG1,0, 
010,00,000,000006,00001,00004,00001,DEM,PRESIDENT OF THE UNITED STATES,"De La Fuente, Roque ""Rocky""",York/Sheldon - CG1,0, 
010,00,000,000007,00002,00005,00000,DEM,PRESIDENT OF THE UNITED STATES,"De La Fuente, Roque ""Rocky""",Duncan - CG1,0, 
010,00,000,000000,00000,00000,00000,DEM,PRESIDENT OF THE UNITED STATES,"Steinberg, Michael",Eagle - CG1,0, 
010,00,000,000000,00000,00000,00000,DEM,PRESIDENT OF THE UNITED STATES,"Steinberg, Michael",Blue - CG1,0, 
010,00,000,000002,00000,00000,00002,DEM,PRESIDENT OF THE UNITED STATES,"Steinberg, Michael",Clifton 1 - CG1,0, 
010,00,000,000001,00000,00001,00000,DEM,PRESIDENT OF THE UNITED STATES,"Steinberg, Michael",Clifton 2 - CG1,0, 
010,00,000,000000,00000,00000,00000,DEM,PRESIDENT OF THE UNITED STATES,"Steinberg, Michael",Morenci - CG1,0, 
010,00,000,000000,00000,00000,00000,DEM,PRESIDENT OF THE UNITED STATES,"Steinberg, Michael",East Plantsite - CG1,0, 
010,00,000,000004,00000,00003,00001,DEM,PRESIDENT OF THE UNITED STATES,"Steinberg, Michael",York/Sheldon - CG1,0, 
010,00,000,000003,00000,00003,00000,DEM,PRESIDENT OF THE UNITED STATES,"Steinberg, Michael",Duncan - CG1,0, 
010,00,000,000008,00000,00002,00000,DEM,PRESIDENT OF THE UNITED STATES,"Sanders, Bernie",Eagle - CG1,0, 
010,00,000,000004,00000,00001,00000,DEM,PRESIDENT OF THE UNITED STATES,"Sanders, Bernie",Blue - CG1,0, 
010,00,000,000072,00016,00048,00008,DEM,PRESIDENT OF THE UNITED STATES,"Sanders, Bernie",Clifton 1 - CG1,0, 
010,00,000,000055,00014,00032,00009,DEM,PRESIDENT OF THE UNITED STATES,"Sanders, Bernie",Clifton 2 - CG1,0, 
010,00,000,000054,00014,00033,00006,DEM,PRESIDENT OF THE UNITED STATES,"Sanders, Bernie",Morenci - CG1,0, 
010,00,000,000014,00008,00005,00001,DEM,PRESIDENT OF THE UNITED STATES,"Sanders, Bernie",East Plantsite - CG1,0, 
010,00,000,000048,00009,00026,00012,DEM,PRESIDENT OF THE UNITED STATES,"Sanders, Bernie",York/Sheldon - CG1,0, 
010,00,000,000070,00009,00050,00009,DEM,PRESIDENT OF THE UNITED STATES,"Sanders, Bernie",Duncan - CG1,0, 
010,00,000,000001,00000,00000,00000,DEM,PRESIDENT OF THE UNITED STATES,"O'Malley, Martin J.",Eagle - CG1,0, 
010,00,000,000000,00000,00000,00000,DEM,PRESIDENT OF THE UNITED STATES,"O'Malley, Martin J.",Blue - CG1,0, 
010,00,000,000000,00000,00000,00000,DEM,PRESIDENT OF THE UNITED STATES,"O'Malley, Martin J.",Clifton 1 - CG1,0, 
010,00,000,000006,00000,00006,00000,DEM,PRESIDENT OF THE UNITED STATES,"O'Malley, Martin J.",Clifton 2 - CG1,0, 
010,00,000,000002,00001,00001,00000,DEM,PRESIDENT OF THE UNITED STATES,"O'Malley, Martin J.",Morenci - CG1,0, 
010,00,000,000000,00000,00000,00000,DEM,PRESIDENT OF THE UNITED STATES,"O'Malley, Martin J.",East Plantsite - CG1,0, 
010,00,000,000006,00000,00006,00000,DEM,PRESIDENT OF THE UNITED STATES,"O'Malley, Martin J.",York/Sheldon - CG1,0, 
010,00,000,000013,00003,00010,00000,DEM,PRESIDENT OF THE UNITED STATES,"O'Malley, Martin J.",Duncan - CG1,0, 
010,00,000,000006,00000,00001,00000,DEM,PRESIDENT OF THE UNITED STATES,"Clinton, Hillary",Eagle - CG1,0, 
010,00,000,000007,00000,00001,00003,DEM,PRESIDENT OF THE UNITED STATES,"Clinton, Hillary",Blue - CG1,0, 
010,00,000,000177,00020,00145,00012,DEM,PRESIDENT OF THE UNITED STATES,"Clinton, Hillary",Clifton 1 - CG1,0, 
010,00,000,000099,00010,00078,00011,DEM,PRESIDENT OF THE UNITED STATES,"Clinton, Hillary",Clifton 2 - CG1,0, 
010,00,000,000056,00016,00030,00010,DEM,PRESIDENT OF THE UNITED STATES,"Clinton, Hillary",Morenci - CG1,0, 
010,00,000,000010,00003,00006,00001,DEM,PRESIDENT OF THE UNITED STATES,"Clinton, Hillary",East Plantsite - CG1,0, 
010,00,000,000080,00008,00050,00022,DEM,PRESIDENT OF THE UNITED STATES,"Clinton, Hillary",York/Sheldon - CG1,0, 
010,00,000,000062,00007,00052,00003,DEM,PRESIDENT OF THE UNITED STATES,"Clinton, Hillary",Duncan - CG1,0, 
010,00,000,000000,00000,00000,00000,DEM,PRESIDENT OF THE UNITED STATES,"Hewes, Henry",Eagle - CG1,0, 
010,00,000,000000,00000,00000,00000,DEM,PRESIDENT OF THE UNITED STATES,"Hewes, Henry",Blue - CG1,0, 
010,00,000,000001,00000,00001,00000,DEM,PRESIDENT OF THE UNITED STATES,"Hewes, Henry",Clifton 1 - CG1,0, 
010,00,000,000002,00000,00001,00001,DEM,PRESIDENT OF THE UNITED STATES,"Hewes, Henry",Clifton 2 - CG1,0, 
010,00,000,000001,00000,00001,00000,DEM,PRESIDENT OF THE UNITED STATES,"Hewes, Henry",Morenci - CG1,0, 
010,00,000,000000,00000,00000,00000,DEM,PRESIDENT OF THE UNITED STATES,"Hewes, Henry",East Plantsite - CG1,0, 
010,00,000,000004,00000,00004,00000,DEM,PRESIDENT OF THE UNITED STATES,"Hewes, Henry",York/Sheldon - CG1,0, 
010,00,000,000001,00000,00001,00000,DEM,PRESIDENT OF THE UNITED STATES,"Hewes, Henry",Duncan - CG1,0, 
010,00,000,000000,00000,00000,00000,DEM,PRESIDENT OF THE UNITED STATES,OVER VOTES,Eagle - CG1,0, 
010,00,000,000000,00000,00000,00000,DEM,PRESIDENT OF THE UNITED STATES,OVER VOTES,Blue - CG1,0, 
010,00,000,000000,00000,00000,00000,DEM,PRESIDENT OF THE UNITED STATES,OVER VOTES,Clifton 1 - CG1,0, 
010,00,000,000000,00000,00000,00000,DEM,PRESIDENT OF THE UNITED STATES,OVER VOTES,Clifton 2 - CG1,0, 
010,00,000,000000,00000,00000,00000,DEM,PRESIDENT OF THE UNITED STATES,OVER VOTES,Morenci - CG1,0, 
010,00,000,000000,00000,00000,00000,DEM,PRESIDENT OF THE UNITED STATES,OVER VOTES,East Plantsite - CG1,0, 
010,00,000,000000,00000,00000,00000,DEM,PRESIDENT OF THE UNITED STATES,OVER VOTES,York/Sheldon - CG1,0, 
010,00,000,000000,00000,00000,00000,DEM,PRESIDENT OF THE UNITED STATES,OVER VOTES,Duncan - CG1,0, 
010,00,000,000001,00000,00000,00000,DEM,PRESIDENT OF THE UNITED STATES,UNDER VOTES,Eagle - CG1,0, 
010,00,000,000001,00000,00000,00001,DEM,PRESIDENT OF THE UNITED STATES,UNDER VOTES,Blue - CG1,0, 
010,00,000,000003,00000,00002,00001,DEM,PRESIDENT OF THE UNITED STATES,UNDER VOTES,Clifton 1 - CG1,0, 
010,00,000,000003,00000,00003,00000,DEM,PRESIDENT OF THE UNITED STATES,UNDER VOTES,Clifton 2 - CG1,0, 
010,00,000,000001,00000,00001,00000,DEM,PRESIDENT OF THE UNITED STATES,UNDER VOTES,Morenci - CG1,0, 
010,00,000,000000,00000,00000,00000,DEM,PRESIDENT OF THE UNITED STATES,UNDER VOTES,East Plantsite - CG1,0, 
010,00,000,000002,00000,00000,00002,DEM,PRESIDENT OF THE UNITED STATES,UNDER VOTES,York/Sheldon - CG1,0, 
010,00,000,000005,00000,00005,00000,DEM,PRESIDENT OF THE UNITED STATES,UNDER VOTES,Duncan - CG1,0, 
010,00,000,000000,00000,00000,00000,GRN,PRESIDENT OF THE UNITED STATES,"Mesplay, Kent",Eagle - CG1,0, 
010,00,000,000000,00000,00000,00000,GRN,PRESIDENT OF THE UNITED STATES,"Mesplay, Kent",Blue - CG1,0, 
010,00,000,000000,00000,00000,00000,GRN,PRESIDENT OF THE UNITED STATES,"Mesplay, Kent",Clifton 1 - CG1,0, 
010,00,000,000000,00000,00000,00000,GRN,PRESIDENT OF THE UNITED STATES,"Mesplay, Kent",Clifton 2 - CG1,0, 
010,00,000,000000,00000,00000,00000,GRN,PRESIDENT OF THE UNITED STATES,"Mesplay, Kent",Morenci - CG1,0, 
010,00,000,000000,00000,00000,00000,GRN,PRESIDENT OF THE UNITED STATES,"Mesplay, Kent",East Plantsite - CG1,0, 
010,00,000,000000,00000,00000,00000,GRN,PRESIDENT OF THE UNITED STATES,"Mesplay, Kent",York/Sheldon - CG1,0, 
010,00,000,000000,00000,00000,00000,GRN,PRESIDENT OF THE UNITED STATES,"Mesplay, Kent",Duncan - CG1,0, 
010,00,000,000000,00000,00000,00000,GRN,PRESIDENT OF THE UNITED STATES,"Stein, Jill",Eagle - CG1,0, 
010,00,000,000000,00000,00000,00000,GRN,PRESIDENT OF THE UNITED STATES,"Stein, Jill",Blue - CG1,0, 
010,00,000,000000,00000,00000,00000,GRN,PRESIDENT OF THE UNITED STATES,"Stein, Jill",Clifton 1 - CG1,0, 
010,00,000,000000,00000,00000,00000,GRN,PRESIDENT OF THE UNITED STATES,"Stein, Jill",Clifton 2 - CG1,0, 
010,00,000,000000,00000,00000,00000,GRN,PRESIDENT OF THE UNITED STATES,"Stein, Jill",Morenci - CG1,0, 
010,00,000,000000,00000,00000,00000,GRN,PRESIDENT OF THE UNITED STATES,"Stein, Jill",East Plantsite - CG1,0, 
010,00,000,000000,00000,00000,00000,GRN,PRESIDENT OF THE UNITED STATES,"Stein, Jill",York/Sheldon - CG1,0, 
010,00,000,000000,00000,00000,00000,GRN,PRESIDENT OF THE UNITED STATES,"Stein, Jill",Duncan - CG1,0, 
010,00,000,000000,00000,00000,00000,GRN,PRESIDENT OF THE UNITED STATES,OVER VOTES,Eagle - CG1,0, 
010,00,000,000000,00000,00000,00000,GRN,PRESIDENT OF THE UNITED STATES,OVER VOTES,Blue - CG1,0, 
010,00,000,000000,00000,00000,00000,GRN,PRESIDENT OF THE UNITED STATES,OVER VOTES,Clifton 1 - CG1,0, 
010,00,000,000000,00000,00000,00000,GRN,PRESIDENT OF THE UNITED STATES,OVER VOTES,Clifton 2 - CG1,0, 
010,00,000,000000,00000,00000,00000,GRN,PRESIDENT OF THE UNITED STATES,OVER VOTES,Morenci - CG1,0, 
010,00,000,000000,00000,00000,00000,GRN,PRESIDENT OF THE UNITED STATES,OVER VOTES,East Plantsite - CG1,0, 
010,00,000,000000,00000,00000,00000,GRN,PRESIDENT OF THE UNITED STATES,OVER VOTES,York/Sheldon - CG1,0, 
010,00,000,000000,00000,00000,00000,GRN,PRESIDENT OF THE UNITED STATES,OVER VOTES,Duncan - CG1,0, 
010,00,000,000000,00000,00000,00000,GRN,PRESIDENT OF THE UNITED STATES,UNDER VOTES,Eagle - CG1,0, 
010,00,000,000000,00000,00000,00000,GRN,PRESIDENT OF THE UNITED STATES,UNDER VOTES,Blue - CG1,0, 
010,00,000,000000,00000,00000,00000,GRN,PRESIDENT OF THE UNITED STATES,UNDER VOTES,Clifton 1 - CG1,0, 
010,00,000,000000,00000,00000,00000,GRN,PRESIDENT OF THE UNITED STATES,UNDER VOTES,Clifton 2 - CG1,0, 
010,00,000,000000,00000,00000,00000,GRN,PRESIDENT OF THE UNITED STATES,UNDER VOTES,Morenci - CG1,0, 
010,00,000,000000,00000,00000,00000,GRN,PRESIDENT OF THE UNITED STATES,UNDER VOTES,East Plantsite - CG1,0, 
010,00,000,000000,00000,00000,00000,GRN,PRESIDENT OF THE UNITED STATES,UNDER VOTES,York/Sheldon - CG1,0, 
010,00,000,000000,00000,00000,00000,GRN,PRESIDENT OF THE UNITED STATES,UNDER VOTES,Duncan - CG1,0, 
,,,,,,,,,,,,
